time_s,steer_mdeg,wheel_rpm_milli
0.00,315352,0
0.02,315952,0
0.04,316552,0
0.06,317152,0
0.08,317752,0
0.10,318352,0
0.12,318952,0
0.14,319552,0
0.16,320152,0
0.18,320752,0
0.20,321352,0
0.22,321952,0
0.24,322552,0
0.26,323152,0
0.28,323752,0
0.30,324352,0
0.32,324952,0
0.34,325552,0
0.36,326152,0
0.38,326752,0
0.40,327352,0
0.42,327952,0
0.44,328552,0
0.46,329152,0
0.48,329752,0
0.50,330352,0
0.52,330952,0
0.54,331552,0
0.56,332152,0
0.58,332752,0
0.60,333352,0
0.62,333952,0
0.64,334552,0
0.66,335152,0
0.68,335752,0
0.70,336352,0
0.72,336952,0
0.74,337552,0
0.76,338152,0
0.78,338752,0
0.80,339352,0
0.82,339952,0
0.84,340552,0
0.86,341152,0
0.88,341752,0
0.90,342352,0
0.92,342952,0
0.94,343552,0
0.96,344152,0
0.98,344752,0
1.00,345352,0
1.02,345952,0
1.04,346552,0
1.06,347152,0
1.08,347752,0
1.10,348352,0
1.12,348952,0
1.14,349552,0
1.16,350152,0
1.18,350752,0
1.20,351352,0
1.22,351952,0
1.24,352552,0
1.26,353152,0
1.28,353752,0
1.30,354352,0
1.32,354952,0
1.34,355552,0
1.36,356152,0
1.38,356752,0
1.40,357352,0
1.42,357952,0
1.44,358552,0
1.46,359152,0
1.48,359752,0
1.50,352,0
1.52,952,0
1.54,1552,0
1.56,2152,0
1.58,2752,0
1.60,3352,0
1.62,3952,0
1.64,4552,0
1.66,5152,0
1.68,5752,0
1.70,6352,0
1.72,6952,0
1.74,7552,0
1.76,8152,0
1.78,8752,0
1.80,9352,0
1.82,9952,0
1.84,10552,0
1.86,11152,0
1.88,11752,0
1.90,12352,0
1.92,12952,0
1.94,13552,0
1.96,14152,0
1.98,14752,0
2.00,15352,0
2.02,15952,0
2.04,16552,0
2.06,17152,0
2.08,17752,0
2.10,18352,0
2.12,18952,0
2.14,19552,0
2.16,20152,0
2.18,20752,0
2.20,21352,0
2.22,21952,0
2.24,22552,0
2.26,23152,0
2.28,23752,0
2.30,24352,0
2.32,24952,0
2.34,25552,0
2.36,26152,0
2.38,26752,0
2.40,27352,0
2.42,27952,0
2.44,28552,0
2.46,29152,0
2.48,29752,0
2.50,30352,0
2.52,30952,0
2.54,31552,0
2.56,32152,0
2.58,32752,0
2.60,33352,0
2.62,33952,0
2.64,34552,0
2.66,35152,0
2.68,35752,0
2.70,36352,0
2.72,36952,0
2.74,37552,0
2.76,38152,0
2.78,38752,0
2.80,39352,0
2.82,39952,0
2.84,40552,0
2.86,41152,0
2.88,41752,0
2.90,42352,0
2.92,42952,0
2.94,43552,0
2.96,44152,0
2.98,44752,0
3.00,45352,0
3.02,45952,0
3.04,46552,0
3.06,47152,0
3.08,47752,0
3.10,48352,0
3.12,48952,0
3.14,49552,0
3.16,50152,0
3.18,50752,0
3.20,51352,0
3.22,51952,0
3.24,52552,0
3.26,53152,0
3.28,53752,0
3.30,54352,0
3.32,54952,0
3.34,55552,0
3.36,56152,0
3.38,56752,0
3.40,57352,0
3.42,57952,0
3.44,58552,0
3.46,59152,0
3.48,59752,0
3.50,60352,0
3.52,60952,0
3.54,61552,0
3.56,62152,0
3.58,62752,0
3.60,63352,0
3.62,63952,0
3.64,64552,0
3.66,65152,0
3.68,65752,0
3.70,66352,0
3.72,66952,0
3.74,67552,0
3.76,68152,0
3.78,68752,0
3.80,69352,0
3.82,69952,0
3.84,70552,0
3.86,71152,0
3.88,71752,0
3.90,72352,0
3.92,72952,0
3.94,73552,0
3.96,74152,0
3.98,74752,0
4.00,75352,0
4.02,75952,0
4.04,76552,0
4.06,77152,0
4.08,77752,0
4.10,78352,0
4.12,78952,0
4.14,79552,0
4.16,80152,0
4.18,80752,0
4.20,81351,0
4.22,81951,0
4.24,82551,0
4.26,83151,0
4.28,83751,0
4.30,84351,0
4.32,84951,0
4.34,85551,0
4.36,86151,0
4.38,86751,0
4.40,87351,0
4.42,87951,0
4.44,88551,0
4.46,89151,0
4.48,89751,0
4.50,90351,0
4.52,90951,0
4.54,91551,0
4.56,92151,0
4.58,92751,0
4.60,93351,0
4.62,93951,0
4.64,94551,0
4.66,95151,0
4.68,95751,0
4.70,96351,0
4.72,96951,0
4.74,97551,0
4.76,98151,0
4.78,98751,0
4.80,99351,0
4.82,99951,0
4.84,100551,0
4.86,101151,0
4.88,101751,0
4.90,102351,0
4.92,102951,0
4.94,103551,0
4.96,104151,0
4.98,104751,0
5.00,105351,0
5.02,105951,0
5.04,106551,0
5.06,107151,0
5.08,107751,0
5.10,108351,0
5.12,108951,0
5.14,109551,0
5.16,110151,0
5.18,110751,0
5.20,111351,0
5.22,111951,0
5.24,112551,0
5.26,113151,0
5.28,113751,0
5.30,114351,0
5.32,114951,0
5.34,115551,0
5.36,116151,0
5.38,116751,0
5.40,117351,0
5.42,117951,0
5.44,118551,0
5.46,119151,0
5.48,119751,0
5.50,120351,0
5.52,120951,0
5.54,121551,0
5.56,122151,0
5.58,122751,0
5.60,123351,0
5.62,123951,0
5.64,124551,0
5.66,125151,0
5.68,125751,0
5.70,126351,0
5.72,126951,0
5.74,127551,0
5.76,128151,0
5.78,128751,0
5.80,129351,0
5.82,129951,0
5.84,130551,0
5.86,131151,0
5.88,131751,0
5.90,132351,0
5.92,132951,0
5.94,133551,0
5.96,134151,0
5.98,134751,0
6.00,135351,0
6.02,135951,0
6.04,136551,0
6.06,137151,0
6.08,137751,0
6.10,138351,0
6.12,138951,0
6.14,139551,0
6.16,140151,0
6.18,140751,0
6.20,141351,0
6.22,141951,0
6.24,142551,0
6.26,143151,0
6.28,143751,0
6.30,144351,0
6.32,144951,0
6.34,145551,0
6.36,146151,0
6.38,146751,0
6.40,147351,0
6.42,147951,0
6.44,148551,0
6.46,149151,0
6.48,149751,0
6.50,150351,0
6.52,150951,0
6.54,151551,0
6.56,152151,0
6.58,152751,0
6.60,153351,0
6.62,153951,0
6.64,154551,0
6.66,155151,0
6.68,155751,0
6.70,156351,0
6.72,156951,0
6.74,157551,0
6.76,158151,0
6.78,158751,0
6.80,159351,0
6.82,159951,0
6.84,160551,0
6.86,161151,0
6.88,161751,0
6.90,162351,0
6.92,162951,0
6.94,163551,0
6.96,164151,0
6.98,164751,0
7.00,165351,0
7.02,165951,0
7.04,166551,0
7.06,167151,0
7.08,167751,0
7.10,168351,0
7.12,168951,0
7.14,169551,0
7.16,170151,0
7.18,170751,0
7.20,171351,0
7.22,171951,0
7.24,172551,0
7.26,173151,0
7.28,173751,0
7.30,174351,0
7.32,174951,0
7.34,175551,0
7.36,176151,0
7.38,176751,0
7.40,177351,0
7.42,177951,0
7.44,178551,0
7.46,179151,0
7.48,179751,0
7.50,180351,0
7.52,180951,0
7.54,181551,0
7.56,182151,0
7.58,182751,0
7.60,183351,0
7.62,183951,0
7.64,184551,0
7.66,185151,0
7.68,185751,0
7.70,186351,0
7.72,186951,0
7.74,187551,0
7.76,188151,0
7.78,188751,0
7.80,189351,0
7.82,189951,0
7.84,190551,0
7.86,191151,0
7.88,191751,0
7.90,192351,0
7.92,192951,0
7.94,193551,0
7.96,194151,0
7.98,194751,0
8.00,195351,0
8.02,195951,0
8.04,196551,0
8.06,197151,0
8.08,197751,0
8.10,198351,0
8.12,198951,0
8.14,199551,0
8.16,200151,0
8.18,200751,0
8.20,201351,0
8.22,201951,0
8.24,202551,0
8.26,203151,0
8.28,203751,0
8.30,204351,0
8.32,204951,0
8.34,205551,0
8.36,206151,0
8.38,206751,0
8.40,207351,0
8.42,207951,0
8.44,208551,0
8.46,209151,0
8.48,209751,0
8.50,210351,0
8.52,210951,0
8.54,211551,0
8.56,212151,0
8.58,212751,0
8.60,213351,0
8.62,213951,0
8.64,214551,0
8.66,215151,0
8.68,215751,0
8.70,216351,0
8.72,216951,0
8.74,217551,0
8.76,218151,0
8.78,218751,0
8.80,219351,0
8.82,219951,0
8.84,220551,0
8.86,221151,0
8.88,221751,0
8.90,222351,0
8.92,222951,0
8.94,223551,0
8.96,224151,0
8.98,224751,0
9.00,225351,0
9.02,225951,0
9.04,226551,0
9.06,227151,0
9.08,227751,0
9.10,228351,0
9.12,228951,0
9.14,229551,0
9.16,230151,0
9.18,230751,0
9.20,231351,0
9.22,231951,0
9.24,232551,0
9.26,233151,0
9.28,233751,0
9.30,234351,0
9.32,234951,0
9.34,235551,0
9.36,236151,0
9.38,236751,0
9.40,237351,0
9.42,237951,0
9.44,238551,0
9.46,239151,0
9.48,239751,0
9.50,240351,0
9.52,240951,0
9.54,241551,0
9.56,242151,0
9.58,242751,0
9.60,243351,0
9.62,243951,0
9.64,244551,0
9.66,245151,0
9.68,245751,0
9.70,246351,0
9.72,246951,0
9.74,247551,0
9.76,248151,0
9.78,248751,0
9.80,249351,0
9.82,249951,0
9.84,250551,0
9.86,251151,0
9.88,251751,0
9.90,252351,0
9.92,252951,0
9.94,253551,0
9.96,254151,0
9.98,254751,0
10.00,255351,0
10.02,255951,0
10.04,256551,0
10.06,257151,0
10.08,257751,0
10.10,258351,0
10.12,258951,0
10.14,259551,0
10.16,260151,0
10.18,260751,0
10.20,261351,0
10.22,261951,0
10.24,262551,0
10.26,263151,0
10.28,263751,0
10.30,264351,0
10.32,264951,0
10.34,265551,0
10.36,266151,0
10.38,266751,0
10.40,267351,0
10.42,267951,0
10.44,268551,0
10.46,269151,0
10.48,269751,0
10.50,270351,0
10.52,270951,0
10.54,271551,0
10.56,272151,0
10.58,272751,0
10.60,273351,0
10.62,273951,0
10.64,274551,0
10.66,275151,0
10.68,275751,0
10.70,276351,0
10.72,276951,0
10.74,277551,0
10.76,278151,0
10.78,278751,0
10.80,279351,0
10.82,279951,0
10.84,280551,0
10.86,281151,0
10.88,281751,0
10.90,282351,0
10.92,282951,0
10.94,283551,0
10.96,284151,0
10.98,284751,0
11.00,285351,0
11.02,285951,0
11.04,286551,0
11.06,287151,0
11.08,287751,0
11.10,288351,0
11.12,288951,0
11.14,289551,0
11.16,290151,0
11.18,290751,0
11.20,291351,0
11.22,291951,0
11.24,292551,0
11.26,293151,0
11.28,293751,0
11.30,294351,0
11.32,294951,0
11.34,295551,0
11.36,296151,0
11.38,296751,0
11.40,297351,0
11.42,297951,0
11.44,298551,0
11.46,299151,0
11.48,299751,0
11.50,300351,0
11.52,300951,0
11.54,301551,0
11.56,302151,0
11.58,302751,0
11.60,303351,0
11.62,303951,0
11.64,304551,0
11.66,305151,0
11.68,305751,0
11.70,306351,0
11.72,306951,0
11.74,307551,0
11.76,308151,0
11.78,308751,0
11.80,309351,0
11.82,309951,0
11.84,310551,0
11.86,311151,0
11.88,311751,0
11.90,312351,0
11.92,312951,0
11.94,313551,0
11.96,314151,0
11.98,314751,0
12.00,315351,0
12.5,315352,0
13.5,315352,0
