"Comment","Designator","Footprint","LCSC Part #","Manufacturer","Manufacturer Part Number","Quantity"
"100nF","C1,C2,C5,C6,C7,C8,C9,C13,C15,C17,C18,C201,C203","Capacitor_SMD:C_0603_1608Metric","","","","13"
"10pF","C3,C4","Capacitor_SMD:C_0603_1608Metric","","","","2"
"4.7uF","C10","Capacitor_SMD:C_0805_2012Metric","","","","1"
"1uF","C11,C14","Capacitor_SMD:C_0603_1608Metric","","","","2"
"10nF","C12","Capacitor_SMD:C_0603_1608Metric","","","","1"
"GRM188R71H103KA01D 10nF","C16","Capacitor_SMD:C_0603_1608Metric","","","","1"
"2.2uF","C101","Capacitor_SMD:C_0805_2012Metric","","","","1"
"10uF","C202,C204","Capacitor_SMD:C_0805_2012Metric","","","","2"
"ESD2CAN24DBZRQ1","D1,D2","Package_TO_SOT_SMD:SOT-23","","Texas Instruments","ESD2CAN24DBZRQ1","2"
"LTST-C190KGKT","D6,D8","LED_SMD:LED_0603_1608Metric","","","","2"
"BAT54SLT1G","D7","Package_TO_SOT_SMD:SOT-23","","","","1"
"LTST-C190KSKT","D9","LED_SMD:LED_0603_1608Metric","","","","1"
"LTST-C190KRKT","D10","LED_SMD:LED_0603_1608Metric","","","","1"
"BLM18AG601SN1D","FB1","Inductor_SMD:L_0603_1608Metric","","","","1"
"SM02B-GHS-TB","J1","Connector_JST:JST_GH_SM02B-GHS-TB_1x02-1MP_P1.25mm_Horizontal","","","","1"
"SM03B-GHS-TB","J2,J3,J4,J5","Connector_JST:JST_GH_SM03B-GHS-TB_1x03-1MP_P1.25mm_Horizontal","","","","4"
"SM06B-GHS-TB","J6","Connector_JST:JST_GH_SM06B-GHS-TB_1x06-1MP_P1.25mm_Horizontal","","","","1"
"BM06B-GHS-TBT","J7","Connector_JST:JST_GH_BM06B-GHS-TBT_1x06-1MP_P1.25mm_Vertical","","","","1"
"120R","R1","Resistor_SMD:R_0603_1608Metric","","","","1"
"0R","R2,R15,R16,R17,R18","Resistor_SMD:R_0603_1608Metric","","","","5"
"RC0603JR-070RL 0R","R3","Resistor_SMD:R_0603_1608Metric","","","","1"
"RC0603FR-0710KL 10k","R4","Resistor_SMD:R_0603_1608Metric","","","","1"
"RC0603FR-0733KL 33k","R13","Resistor_SMD:R_0603_1608Metric","","","","1"
"RC0603FR-0722KL 22k","R14","Resistor_SMD:R_0603_1608Metric","","","","1"
"1k","R19,R20,R21,R22","Resistor_SMD:R_0603_1608Metric","","","","4"
"JS102011SAQN","SW1","DifferentialSwerve:JS102011SAQN","","LITTELFUSE","JS102011SAQN","1"
"A6S-3104-H","SW3","Button_Switch_SMD:SW_DIP_SPSTx03_Slide_Omron_A6S-310x_W8.9mm_P2.54mm","","","","1"
"LM66100DCKR","U1","Package_TO_SOT_SMD:SOT-363_SC-70-6","","Texas Instruments","LM66100DCKR","1"
"TLV1117LV33DCYR","U2","Package_TO_SOT_SMD:SOT-223-3_TabPin2","","","","1"
"TCAN1051VDRQ1","U3,U5","Package_SO:SOIC-8_3.9x4.9mm_P1.27mm","","Texas Instruments","TCAN1051VDRQ1","2"
"STM32G474RET6","U4","Package_QFP:LQFP-64_10x10mm_P0.5mm","","","","1"
"ECS-80-8-33Q-JES-TR","Y1","Crystal:Crystal_SMD_3225-4Pin_3.2x2.5mm","","","","1"
