"Designator","Comment","Footprint","Quantity","Manufacturer","Manufacturer Part Number","Datasheet","Mouser Part Number"
"C1,C2,C5,C6,C7,C8,C9,C13,C15,C17,C18,C201,C203","100nF","Capacitor_SMD:C_0603_1608Metric","13","","","",""
"C3,C4","10pF","Capacitor_SMD:C_0603_1608Metric","2","","","",""
"C10","4.7uF","Capacitor_SMD:C_0805_2012Metric","1","","","",""
"C11,C14","1uF","Capacitor_SMD:C_0603_1608Metric","2","","","",""
"C12","10nF","Capacitor_SMD:C_0603_1608Metric","1","","","",""
"C16","GRM188R71H103KA01D 10nF","Capacitor_SMD:C_0603_1608Metric","1","","","",""
"C101","2.2uF","Capacitor_SMD:C_0805_2012Metric","1","","","",""
"C202,C204","10uF","Capacitor_SMD:C_0805_2012Metric","2","","","",""
"D1,D2","ESD2CAN24DBZRQ1","Package_TO_SOT_SMD:SOT-23","2","Texas Instruments","ESD2CAN24DBZRQ1","https://www.ti.com/lit/ds/symlink/esd2can24-q1.pdf","595-ESD2CAN24DBZRQ1"
"D6,D8","LTST-C190KGKT","LED_SMD:LED_0603_1608Metric","2","","","",""
"D7","BAT54SLT1G","Package_TO_SOT_SMD:SOT-23","1","","","https://www.diodes.com/assets/Datasheets/ds11005.pdf",""
"D9","LTST-C190KSKT","LED_SMD:LED_0603_1608Metric","1","","","",""
"D10","LTST-C190KRKT","LED_SMD:LED_0603_1608Metric","1","","","",""
"FB1","BLM18AG601SN1D","Inductor_SMD:L_0603_1608Metric","1","","","",""
"J1","SM02B-GHS-TB","Connector_JST:JST_GH_SM02B-GHS-TB_1x02-1MP_P1.25mm_Horizontal","1","","","",""
"J2,J3,J4,J5","SM03B-GHS-TB","Connector_JST:JST_GH_SM03B-GHS-TB_1x03-1MP_P1.25mm_Horizontal","4","","","",""
"J6","SM06B-GHS-TB","Connector_JST:JST_GH_SM06B-GHS-TB_1x06-1MP_P1.25mm_Horizontal","1","","","",""
"J7","BM06B-GHS-TBT","Connector_JST:JST_GH_BM06B-GHS-TBT_1x06-1MP_P1.25mm_Vertical","1","","","",""
"R1","120R","Resistor_SMD:R_0603_1608Metric","1","","","",""
"R2,R15,R16,R17,R18","0R","Resistor_SMD:R_0603_1608Metric","5","","","",""
"R3","RC0603JR-070RL 0R","Resistor_SMD:R_0603_1608Metric","1","","","",""
"R4","RC0603FR-0710KL 10k","Resistor_SMD:R_0603_1608Metric","1","","","",""
"R13","RC0603FR-0733KL 33k","Resistor_SMD:R_0603_1608Metric","1","","","",""
"R14","RC0603FR-0722KL 22k","Resistor_SMD:R_0603_1608Metric","1","","","",""
"R19,R20,R21,R22","1k","Resistor_SMD:R_0603_1608Metric","4","","","",""
"SW1","JS102011SAQN","DifferentialSwerve:JS102011SAQN","1","LITTELFUSE","JS102011SAQN","https://www.littelfuse.com/assetdocs/littelfuse-ck-slide-js-series-datasheet?assetguid=aba42b08-0d2c-423b-813d-a2faa5a3bb14","611-JS102011SAQN"
"SW3","A6S-3104-H","Button_Switch_SMD:SW_DIP_SPSTx03_Slide_Omron_A6S-310x_W8.9mm_P2.54mm","1","","","",""
"U1","LM66100DCKR","Package_TO_SOT_SMD:SOT-363_SC-70-6","1","Texas Instruments","LM66100DCKR","http://www.ti.com/lit/gpn/LM66100","595-LM66100DCKR"
"U2","TLV1117LV33DCYR","Package_TO_SOT_SMD:SOT-223-3_TabPin2","1","","","http://www.ti.com/lit/ds/symlink/tlv1117.pdf",""
"U3,U5","TCAN1051VDRQ1","Package_SO:SOIC-8_3.9x4.9mm_P1.27mm","2","Texas Instruments","TCAN1051VDRQ1","http://www.ti.com/lit/gpn/TCAN1051V-Q1","595-TCAN1051VDRQ1"
"U4","STM32G474RET6","Package_QFP:LQFP-64_10x10mm_P0.5mm","1","","","https://www.st.com/resource/en/datasheet/stm32g474re.pdf",""
"Y1","ECS-80-8-33Q-JES-TR","Crystal:Crystal_SMD_3225-4Pin_3.2x2.5mm","1","","","",""
