"DigiKey Part Number","Quantity","Customer Reference"
"399-C0603C104K5RACTUCT-ND","60","UNIT:C1,C2,C5-C9,C13,C15,C17,C18,C201,C203"
"1276-1027-1-ND","10","UNIT:C3,C4"
"490-GRM21BZ71E475KE15KCT-ND","5","UNIT:C10"
"445-5956-1-ND","10","UNIT:C11,C14"
"445-7404-1-ND","10","UNIT:C12"
"490-GRM188R72A103KA01DCT-ND","10","UNIT:C16"
"490-4787-1-ND","5","UNIT:C101"
"445-6857-1-ND","10","UNIT:C202,C204"
"311-120HRCT-ND","10","UNIT:R1"
"311-0.0GRCT-ND","25","UNIT:R2,R3,R15-R18"
"311-10.0KHRCT-ND","10","UNIT:R4"
"311-33.0KHRCT-ND","10","UNIT:R13"
"311-22.0KHRCT-ND","10","UNIT:R14"
"311-1.00KHRCT-ND","25","UNIT:R19-R22"
"490-1014-1-ND","5","UNIT:FB1"
"296-ESD2CAN24DBZRQ1CT-ND","10","UNIT:D1,D2"
"160-1435-1-ND","10","UNIT:D6,D8"
"641-BAT54S-HFCT-ND","10","UNIT:D7"
"160-1437-1-ND","5","UNIT:D9"
"160-1436-1-ND","5","UNIT:D10"
"455-SM03B-GHS-TBCT-ND","20","UNIT:J2-J5"
"401-1999-1-ND","5","UNIT:SW1"
"2223-DS04-254-1-03BK-SMT-ND","5","UNIT:SW3"
"296-53540-1-ND","5","UNIT:U1"
"296-TLV76133DCYRCT-ND","5","UNIT:U2"
"296-44228-1-ND","10","UNIT:U3,U5"
"631-FC3BAEBDI8.0-T1CT-ND","5","UNIT:Y1"
