"Refs","Value","Footprint","Qty","DNP"
"C1","2.2uF","Capacitor_SMD:C_0805_2012Metric","1",""
"C2,C4,C8,C9,C11-C14,C18,C19,C22,C28","100nF","Capacitor_SMD:C_0603_1608Metric","12",""
"C3,C5","10uF","Capacitor_SMD:C_0805_2012Metric","2",""
"C6,C7","10pF","Capacitor_SMD:C_0603_1608Metric","2",""
"C10","4.7uF","Capacitor_SMD:C_0805_2012Metric","1",""
"C15,C17,C23-C26","DNP","Capacitor_SMD:C_0603_1608Metric","6",""
"C16","1uF","Capacitor_SMD:C_0603_1608Metric","1",""
"C20,C21,C27","2.2 µF","Capacitor_SMD:C_0805_2012Metric","3",""
"D1","ESD2CAN24DBZRQ1","Package_TO_SOT_SMD:SOT-23","1",""
"D2-D4","D_TVS_Dual_AACESDS452DBZ","Package_TO_SOT_SMD:SOT-23","3",""
"D6,D8","LTST-C190KGKT","LED_SMD:LED_0603_1608Metric","2",""
"D9","LTST-C190KSKT","LED_SMD:LED_0603_1608Metric","1",""
"D10","LTST-C190KRKT","LED_SMD:LED_0603_1608Metric","1",""
"FB1","BLM18AG601SN1D","Inductor_SMD:L_0603_1608Metric","1",""
"J1","SM02B-GHS-TB","Connector_JST:JST_GH_SM02B-GHS-TB_1x02-1MP_P1.25mm_Horizontal","1",""
"J2","SM03B-GHS-TB","Connector_JST:JST_GH_SM03B-GHS-TB_1x03-1MP_P1.25mm_Horizontal","1",""
"J4-J6","Conn_01x04","Connector_JST:JST_XH_B4B-XH-AM_1x04_P2.50mm_Vertical","3",""
"J7","Conn_01x08","Connector_JST:JST_XH_B8B-XH-AM_1x08_P2.50mm_Vertical","1",""
"J8","BM06B-GHS-TBT","Connector_JST:JST_GH_BM06B-GHS-TBT_1x06-1MP_P1.25mm_Vertical","1",""
"R1","120R","Resistor_SMD:R_0603_1608Metric","1",""
"R2,R5-R9","100R","Resistor_SMD:R_0603_1608Metric","6",""
"R3","RC0603JR-070RL 0R","Resistor_SMD:R_0603_1608Metric","1",""
"R4","RC0603FR-0710KL 10k","Resistor_SMD:R_0603_1608Metric","1",""
"R19-R22","1k","Resistor_SMD:R_0603_1608Metric","4",""
"SW1","JS102011SAQN","DifferentialSwerve:JS102011SAQN","1",""
"SW3","A6S-3104-H","Button_Switch_SMD:SW_DIP_SPSTx03_Slide_Omron_A6S-310x_W8.9mm_P2.54mm","1",""
"U1","STM32F405RGTx","Package_QFP:LQFP-64_10x10mm_P0.5mm","1",""
"U2","TLV1117LV33DCYR","Package_TO_SOT_SMD:SOT-223-3_TabPin2","1",""
"U3,U7,U9","74LVC2G17","Package_TO_SOT_SMD:SOT-23-6","3",""
"U4","TCAN1051VDRQ1","Package_SO:SOIC-8_3.9x4.9mm_P1.27mm","1",""
"U5","LM66100DCKR","Package_TO_SOT_SMD:SOT-363_SC-70-6","1",""
"Y1","ECS-80-8-33Q-JES-TR","Crystal:Crystal_SMD_3225-4Pin_3.2x2.5mm","1",""
