Ref,Val,Package,PosX,PosY,Rot,Side
"C1","2.2uF","C_0805_2012Metric",98.100000,-107.375000,180.000000,top
"C2","100nF","C_0603_1608Metric",100.825000,-105.525000,-90.000000,top
"C3","10uF","C_0805_2012Metric",102.750000,-105.525000,-90.000000,top
"C4","100nF","C_0603_1608Metric",112.650000,-98.075000,90.000000,top
"C5","10uF","C_0805_2012Metric",107.000000,-107.800000,180.000000,top
"C6","10pF","C_0603_1608Metric",98.975000,-100.175000,-90.000000,top
"C7","10pF","C_0603_1608Metric",101.800000,-102.600000,0.000000,top
"C8","100nF","C_0603_1608Metric",84.000000,-91.875000,-135.000000,top
"C9","100nF","C_0603_1608Metric",95.675000,-102.250000,-135.000000,top
"C10","4.7uF","C_0805_2012Metric",110.175000,-98.575000,0.000000,top
"C11","100nF","C_0603_1608Metric",96.650000,-98.750000,-90.000000,top
"C12","100nF","C_0603_1608Metric",79.700000,-98.675000,-90.000000,top
"C13","100nF","C_0603_1608Metric",88.375000,-107.075000,0.000000,top
"C14","100nF","C_0603_1608Metric",99.700000,-95.456249,0.000000,top
"C15","DNP","C_0603_1608Metric",123.375000,-95.925000,0.000000,top
"C16","1uF","C_0603_1608Metric",96.700000,-93.981249,0.000000,top
"C17","DNP","C_0603_1608Metric",123.375000,-94.050000,0.000000,top
"C18","100nF","C_0603_1608Metric",87.825000,-110.600000,90.000000,top
"C19","100nF","C_0603_1608Metric",96.900000,-110.075000,90.000000,top
"C20","2.2 µF","C_0805_2012Metric",80.300000,-94.925000,45.000000,top
"C21","2.2 µF","C_0805_2012Metric",83.100000,-104.850000,135.000000,top
"C22","100nF","C_0603_1608Metric",96.700000,-95.456249,0.000000,top
"C23","DNP","C_0603_1608Metric",76.350000,-98.450000,90.000000,top
"C24","DNP","C_0603_1608Metric",78.025000,-98.425000,90.000000,top
"C25","DNP","C_0603_1608Metric",106.900000,-96.725000,180.000000,top
"C26","DNP","C_0603_1608Metric",106.900000,-95.250000,180.000000,top
"C27","2.2 µF","C_0805_2012Metric",130.250000,-105.725000,0.000000,top
"C28","100nF","C_0603_1608Metric",126.800000,-105.800000,0.000000,top
"D1","ESD2CAN24DBZRQ1","SOT-23",73.575000,-105.525000,0.000000,top
"D2","D_TVS_Dual_AACESDS452DBZ","SOT-23",130.025000,-94.975000,0.000000,top
"D3","D_TVS_Dual_AACESDS452DBZ","SOT-23",71.600000,-94.950000,-90.000000,top
"D4","D_TVS_Dual_AACESDS452DBZ","SOT-23",103.475000,-94.900000,0.000000,top
"D6","LTST-C190KGKT","LED_0603_1608Metric",107.100000,-112.500000,180.000000,top
"D8","LTST-C190KGKT","LED_0603_1608Metric",89.225000,-87.725000,0.000000,top
"D9","LTST-C190KSKT","LED_0603_1608Metric",86.000000,-87.700000,0.000000,top
"D10","LTST-C190KRKT","LED_0603_1608Metric",82.675000,-87.700000,0.000000,top
"FB1","BLM18AG601SN1D","L_0603_1608Metric",99.700000,-93.981249,0.000000,top
"J1","SM02B-GHS-TB","JST_GH_SM02B-GHS-TB_1x02-1MP_P1.25mm_Horizontal",101.350000,-110.550000,0.000000,top
"J2","SM03B-GHS-TB","JST_GH_SM03B-GHS-TB_1x03-1MP_P1.25mm_Horizontal",71.700000,-110.475000,0.000000,top
"J4","Conn_01x04","JST_XH_B4B-XH-AM_1x04_P2.50mm_Vertical",122.050000,-89.100000,0.000000,top
"J5","Conn_01x04","JST_XH_B4B-XH-AM_1x04_P2.50mm_Vertical",70.450000,-89.100000,0.000000,top
"J6","Conn_01x04","JST_XH_B4B-XH-AM_1x04_P2.50mm_Vertical",95.925000,-89.100000,0.000000,top
"J7","Conn_01x08","JST_XH_B8B-XH-AM_1x08_P2.50mm_Vertical",129.550000,-110.900000,180.000000,top
"J8","BM06B-GHS-TBT","JST_GH_BM06B-GHS-TBT_1x06-1MP_P1.25mm_Vertical",112.850000,-89.600000,0.000000,top
"QR*****","git@github.com:Posaka-Y/Differential-Swerve-Drive.git","Posaka-Y/Differential-Swerve-Drive.git",83.275000,-99.800000,0.000000,top
"R1","120R","R_0603_1608Metric",80.325000,-106.075000,0.000000,top
"R2","100R","R_0603_1608Metric",126.500000,-95.925000,180.000000,top
"R3","RC0603JR-070RL 0R","R_0603_1608Metric",101.825000,-97.625000,180.000000,top
"R4","RC0603FR-0710KL 10k","R_0603_1608Metric",93.575000,-104.350000,45.000000,top
"R5","100R","R_0603_1608Metric",126.500000,-94.050000,180.000000,top
"R6","100R","R_0603_1608Metric",75.700000,-95.600000,0.000000,top
"R7","100R","R_0603_1608Metric",75.725000,-93.900000,0.000000,top
"R8","100R","R_0603_1608Metric",106.900000,-98.200000,0.000000,top
"R9","100R","R_0603_1608Metric",106.900000,-93.750001,0.000000,top
"R19","1k","R_0603_1608Metric",107.100000,-110.950000,180.000000,top
"R20","1k","R_0603_1608Metric",89.225000,-89.225000,0.000000,top
"R21","1k","R_0603_1608Metric",86.000000,-89.175000,0.000000,top
"R22","1k","R_0603_1608Metric",82.675000,-89.175000,0.000000,top
"SW1","JS102011SAQN","JS102011SAQN",81.300000,-112.350000,0.000000,top
"SW3","DS04-254-1-03BK-SMT","SW_DIP_SPSTx03_Slide_Omron_A6S-310x_W8.9mm_P2.54mm",118.875000,-102.175000,0.000000,top
"U1","STM32F405RGTx","LQFP-64_10x10mm_P0.5mm",88.200000,-98.700000,-135.000000,top
"U2","TLV76133DCYR","SOT-223-3_TabPin2",108.850000,-103.175000,0.000000,top
"U3","74LVC2G17","SOT-23-6",119.575000,-94.975000,180.000000,top
"U4","TCAN1051VDRQ1","SOIC-8_3.9x4.9mm_P1.27mm",92.350000,-110.267500,0.000000,top
"U5","LM66100DCKR","SOT-363_SC-70-6",98.250000,-105.265000,180.000000,top
"U7","74LVC2G17","SOT-23-6",77.700000,-102.375000,0.000000,top
"U9","74LVC2G17","SOT-23-6",110.425000,-95.050000,0.000000,top
"Y1","FC3BAEBDI8.0-T1","Crystal_SMD_3225-4Pin_3.2x2.5mm",101.825000,-100.100000,0.000000,top
