round,candidate,steer_kp,repeat,direction,wheel_rpm,start_deg,destination_deg,profile_s,settle_s,kinematic_lower_bound_s,performance_deadline_s,deadline_met,response_ratio,overshoot_deg,post_profile_peak_abs_deg,terminal_abs_error_deg,max_tracking_error_deg,wheel_mae_rpm,temp_max_c,command_current_peak_raw,measured_current_peak_raw,safety_reason,samples,trial_score
1,1,120.0,1,1,0.0,351.914,81.91399999999999,0.877399864999461,1.1295215970003483,0.46166666666666667,1.2733333333333334,True,2.4466171776180827,0.17600000000001614,4.745999999999981,0.17600000000001614,2.616,1.3951862745098043,30,553,447,,102,2.736600903108284
1,1,120.0,1,-1,0.0,82.09,352.09000000000003,0.8776203010002064,1.1094482150001568,0.46166666666666667,1.2733333333333334,True,2.4031369277981733,0.0,7.382999999999981,0.17599999999998772,3.156,1.0862277227722774,30,481,532,,101,2.677341482253619
1,1,120.0,1,1,265.0,352.178,82.178,0.8774358500013477,1.1698112370013405,0.46166666666666667,1.2733333333333334,True,2.533887155959582,1.054000000000002,2.548999999999978,0.26400000000001,1.367,5.874930693069311,30,741,713,,101,3.076945769820969
1,1,120.0,1,-1,265.0,81.914,351.914,0.8773358540001936,1.2199989880009525,0.46166666666666667,1.2733333333333334,True,2.642597085922641,0.6150000000000091,1.3180000000000405,0.26400000000001,0.843,3.4595000000000034,30,755,762,,106,2.9637270859226432
2,1,120.0,1,1,0.0,352.002,82.00200000000001,0.87779419799881,1.1496224049988086,0.46166666666666667,1.2733333333333334,True,2.4901568339324376,0.35199999999997544,4.746000000000009,0.35199999999997544,2.264,1.3374018691588785,30,580,479,,107,2.803624871315608
2,1,120.0,1,-1,0.0,82.354,352.354,0.8775391790004505,1.1294729330002156,0.46166666666666667,1.2733333333333334,True,2.4465117682315136,0.0,1.8450000000000273,0.0,3.189,1.01793137254902,30,1223,954,,102,2.7219903956824942
2,1,120.0,1,1,265.0,352.178,82.178,0.8677412839988392,1.130082591998871,0.46166666666666667,1.2733333333333334,True,2.4478323292394317,0.7909999999999968,1.9339999999999975,0.26400000000001,2.043,5.837666666666667,30,617,538,,99,2.965325662572764
2,1,120.0,1,-1,265.0,81.914,351.914,0.8776506670001254,1.2501640760001465,0.46166666666666667,1.2733333333333334,True,2.7079366267151186,0.6150000000000091,3.4279999999999973,0.17599999999998772,1.77,3.3797155963302754,30,622,493,,109,3.1016309386417267
3,1,120.0,1,1,0.0,351.914,81.91399999999999,0.8779362060013227,1.0994705020002584,0.46166666666666667,1.2733333333333334,True,2.381524553069152,0.26400000000001,2.7249999999999943,0.26400000000001,2.696,10.441020202020198,30,1144,952,,99,2.8852249571095587
3,1,120.0,1,-1,0.0,82.178,352.178,0.8675930770004925,1.0994116540005052,0.46166666666666667,1.2733333333333334,True,2.3813970844776287,0.0,2.8999999999999773,0.3509999999999991,3.357,6.758841584158416,30,807,618,,101,2.785133916160797
3,1,120.0,1,1,265.0,352.002,82.00200000000001,0.8675192200007587,1.139435205999689,0.46166666666666667,1.2733333333333334,True,2.468090698916294,0.35199999999997544,5.009999999999991,0.26400000000001,1.827,6.3238039215686275,30,543,658,,102,2.8463267773476595
3,1,120.0,1,-1,265.0,82.266,352.266,0.8775946900004783,1.1198463969994918,0.46166666666666667,1.2733333333333334,True,2.4256600657028704,0.7030000000000314,0.7030000000000314,0.17499999999995453,1.417,3.679132653061221,30,609,466,,98,2.823502718764104
