"DigiKey Part Number","Quantity","Manufacturer","Manufacturer Part Number","Customer Reference","Description"
"399-C0603C104K5RACTUCT-ND","100","KEMET","C0603C104K5RACTU","C1,C2,C5,C6,C7,C8,C9,C13,C15,C17,C18,C201,C203","100nF 50V X7R 10%"
"1276-1027-1-ND","25","Samsung Electro-Mechanics","CL10C100JB8NNNC","C3,C4","10pF 50V C0G 5%"
"490-GRM21BZ71E475KE15KCT-ND","20","Murata Electronics","GRM21BZ71E475KE15K","C10","4.7uF 25V X7R 10%"
"587-2984-1-ND","25","Taiyo Yuden","TMK107B7105KA-T","C11,C14","1uF 25V X7R 10%"
"445-12383-1-ND","25","TDK","CGA3E2NP01H103J080AA","C12","10nF 50V C0G 5%"
"490-GRM188R72A103KA01DCT-ND","25","Murata Electronics","GRM188R72A103KA01D","C16","10nF 100V X7R 10%"
"490-4787-1-ND","20","Murata Electronics","GCM21BR71E225KA73L","C101","2.2uF 25V X7R 10%"
"445-6857-1-ND","25","TDK","C2012X7R1A106K125AC","C202,C204","10uF 10V X7R 10%"
"311-120HRCT-ND","25","YAGEO","RC0603FR-07120RL","R1","120R 1% 0.1W"
"311-0.0GRCT-ND","100","YAGEO","RC0603JR-070RL","R2,R3,R15,R16,R17,R18","0R jumper 0.1W"
"311-10.0KHRCT-ND","50","YAGEO","RC0603FR-0710KL","R4","10k 1% 0.1W"
"311-33.0KHRCT-ND","50","YAGEO","RC0603FR-0733KL","R13","33k 1% 0.1W"
"311-22.0KHRCT-ND","50","YAGEO","RC0603FR-0722KL","R14","22k 1% 0.1W"
"311-1.00KHRCT-ND","100","YAGEO","RC0603FR-071KL","R19,R20,R21,R22","1k 1% 0.1W"
"490-1014-1-ND","20","Murata Electronics","BLM18AG601SN1D","FB1","600R at 100MHz 500mA"
"296-ESD2CAN24DBZRQ1CT-ND","20","Texas Instruments","ESD2CAN24DBZRQ1","D1,D2","ESD2CAN24-Q1"
"160-1435-1-ND","25","Lite-On","LTST-C190KGKT","D6,D8","Green LED"
"BAT54SLT1GOSCT-ND","20","onsemi","BAT54SLT1G","D7","BAT54S dual Schottky"
"160-1437-1-ND","20","Lite-On","LTST-C190KSKT","D9","Yellow LED"
"160-1436-1-ND","20","Lite-On","LTST-C190KRKT","D10","Red LED"
"455-1564-1-ND","10","JST","SM02B-GHS-TB","J1","JST GH 2-position right-angle"
"455-SM03B-GHS-TBCT-ND","30","JST","SM03B-GHS-TB","J2,J3,J4,J5","JST GH 3-position right-angle"
"455-1568-1-ND","10","JST","SM06B-GHS-TB","J6","JST GH 6-position right-angle"
"455-BM06B-GHS-TBTCT-ND","10","JST","BM06B-GHS-TBT","J7","JST GH 6-position vertical"
"401-1999-1-ND","10","C&K (Littelfuse)","JS102011SAQN","SW1","SPDT slide switch"
"39-A6S-3104-H-ND","10","OMRON","A6S-3104-H","SW3","3-position DIP switch"
"296-53541-1-ND","10","Texas Instruments","LM66100DCKR","U1","Ideal diode 1.5A"
"296-28778-1-ND","10","Texas Instruments","TLV1117LV33DCYR","U2","3.3V LDO"
"296-44228-1-ND","12","Texas Instruments","TCAN1051VDRQ1","U3,U5","CAN transceiver with VIO"
"50-ECS-80-8-33Q-JES-TRCT-ND","10","ECS Inc.","ECS-80-8-33Q-JES-TR","Y1","8MHz 8pF crystal"
