"Customer Reference","Value / Description","Footprint","Manufacturer","Manufacturer Part Number","DigiKey Part Number","Qty Per Board","Boards","Required Quantity","Target Qty With Spares","Owned Quantity","Order Quantity","Notes"
"C1,C2,C5,C6,C7,C8,C9,C13,C15,C17,C18,C201,C203","100nF 50V X7R 10%","0603","KEMET","C0603C104K5RACTU","399-C0603C104K5RACTUCT-ND","13","4","52","65","0","65","MCU, CAN, LDO, VDDA and NRST decoupling"
"C3,C4","10pF 50V C0G 5%","0603","Samsung Electro-Mechanics","CL10C100JB8NNNC","1276-1027-1-ND","2","4","8","10","0","10","HSE load capacitors; do not substitute X7R"
"C10","4.7uF 25V X7R 10%","0805","Murata Electronics","GRM21BZ71E475KE15K","490-GRM21BZ71E475KE15KCT-ND","1","4","4","10","0","10","3V3 bulk"
"C11,C14","1uF 25V X7R 10%","0603","Taiyo Yuden","TMK107B7105KA-T","587-2984-1-ND","2","4","8","10","0","10","VDDA and VREF+ local bulk"
"C12","10nF 50V C0G 5%","0603","TDK","CGA3E2NP01H103J080AA","445-12383-1-ND","1","4","4","10","0","10","VREF+; C0G required"
"C16","10nF 100V X7R 10%","0603","Murata Electronics","GRM188R72A103KA01D","490-GRM188R72A103KA01DCT-ND","1","4","4","10","0","10","5V ADC monitor filter"
"C101","2.2uF 25V X7R 10%","0805","Murata Electronics","GCM21BR71E225KA73L","490-4787-1-ND","1","4","4","10","0","10","LM66100 VIN"
"C202,C204","10uF 10V X7R 10%","0805","TDK","C2012X7R1A106K125AC","445-6857-1-ND","2","4","8","10","0","10","TLV1117LV input/output; verify DC-bias effective capacitance"
"R1","120R 1% 0.1W","0603","YAGEO","RC0603FR-07120RL","311-120HRCT-ND","1","4","4","10","0","10","CAN termination"
"R2,R3,R15,R16,R17,R18","0R jumper 0.1W","0603","YAGEO","RC0603JR-070RL","311-0.0GRCT-ND","6","4","24","30","0","30","VREF/HSE/SPI configurable links"
"R4","10k 1% 0.1W","0603","YAGEO","RC0603FR-0710KL","311-10.0KHRCT-ND","1","4","4","10","0","10","BOOT0 pull-down"
"R13","33k 1% 0.1W","0603","YAGEO","RC0603FR-0733KL","311-33.0KHRCT-ND","1","4","4","10","0","10","5V monitor divider high side"
"R14","22k 1% 0.1W","0603","YAGEO","RC0603FR-0722KL","311-22.0KHRCT-ND","1","4","4","10","0","10","5V monitor divider low side"
"R19,R20,R21,R22","1k 1% 0.1W","0603","YAGEO","RC0603FR-071KL","311-1.00KHRCT-ND","4","4","16","20","0","20","LED current limiting"
"FB1","600R at 100MHz 500mA","0603","Murata Electronics","BLM18AG601SN1D","490-1014-1-ND","1","4","4","10","0","10","VDDA ferrite bead"
"D1,D2","ESD2CAN24-Q1","SOT-23","Texas Instruments","ESD2CAN24DBZRQ1","296-ESD2CAN24DBZRQ1CT-ND","2","4","8","9","0","9","CAN ESD protection"
"D6,D8","Green LED","0603","Lite-On","LTST-C190KGKT","160-1435-1-ND","2","4","8","9","0","9","PWR and RUN LEDs"
"D7","BAT54S dual Schottky","SOT-23","onsemi","BAT54SLT1G","BAT54SLT1GOSCT-ND","1","4","4","5","0","5","ADC clamp"
"D9","Yellow LED","0603","Lite-On","LTST-C190KSKT","160-1437-1-ND","1","4","4","5","0","5","COMM LED"
"D10","Red LED","0603","Lite-On","LTST-C190KRKT","160-1436-1-ND","1","4","4","5","0","5","ERR LED"
"J1","JST GH 2-position right-angle","JST GH 1.25mm","JST","SM02B-GHS-TB","455-1564-1-ND","1","4","4","5","0","5","5V input"
"J2,J3,J4,J5","JST GH 3-position right-angle","JST GH 1.25mm","JST","SM03B-GHS-TB","455-SM03B-GHS-TBCT-ND","4","4","16","17","0","17","Central and C620 CAN"
"J6","JST GH 6-position right-angle","JST GH 1.25mm","JST","SM06B-GHS-TB","455-1568-1-ND","1","4","4","5","0","5","AMT22"
"J7","JST GH 6-position vertical","JST GH 1.25mm","JST","BM06B-GHS-TBT","455-BM06B-GHS-TBTCT-ND","1","4","4","5","0","5","SWD/debug"
"SW1","SPDT slide switch","JS series custom","C&K (Littelfuse)","JS102011SAQN","401-1999-1-ND","1","4","4","5","0","5","CAN termination enable"
"SW3","3-position DIP switch","SMD 3-pole DIP","OMRON","A6S-3104-H","39-A6S-3104-H-ND","1","4","4","5","0","5","Unit ID"
"U1","Ideal diode 1.5A","SC-70-6","Texas Instruments","LM66100DCKR","296-53541-1-ND","1","4","4","5","0","5","Reverse polarity/current protection"
"U2","3.3V LDO","SOT-223","Texas Instruments","TLV1117LV33DCYR","296-28778-1-ND","1","4","4","5","0","5","3.3V regulator"
"U3,U5","CAN transceiver with VIO","SOIC-8","Texas Instruments","TCAN1051VDRQ1","296-44228-1-ND","2","4","8","9","0","9","Central and C620 CAN"
"U4","STM32G474 512KB","LQFP-64 10x10 P0.5","STMicroelectronics","STM32G474RET6","497-STM32G474RET6-ND","1","4","4","5","10","0","Already purchased project stock"
"Y1","8MHz 8pF crystal","3225 4-pad","ECS Inc.","ECS-80-8-33Q-JES-TR","50-ECS-80-8-33Q-JES-TRCT-ND","1","4","4","5","0","5","HSE"
